;Entry;Protein;Source;Mutation;ddG;Measure;Mesthod;REFERENCE;log(p);d_log(p);dssp;WT_AA;Position;Mut_AA
0;529;Myoglobin;Sperm whale;['WILD'];0;CD;Thermal;PROTEIN SCI 2, 1099-1105 (1993) PMID: 8358292;368.1521039151472;0.0;None;Non;Non;WILD
4;5900;Myoglobin;Sperm whale;['D', '44', 'A'];-0.15;CD;Urea;BIOCHEMISTRY 38, 9783-9790 (1999) PMID: 10423259;369.0020278305644;-0.8499239154171505;H;D;44,;A
5;5901;Myoglobin;Sperm whale;['K', '56', 'A'];-0.25;CD;Urea;BIOCHEMISTRY 38, 9783-9790 (1999) PMID: 10423259;368.25693773458426;-0.10483381943703307;H;K;56,;A
6;5904;Myoglobin;Sperm whale;['E', '4', 'A'];-0.70;CD;Urea;BIOCHEMISTRY 38, 9783-9790 (1999) PMID: 10423259;371.4547770193522;-3.3026731042049846;H;E;4,;A
25;11139;Myoglobin;Sperm whale;['E', '109', 'A'];00.36;Fluorescence;Urea;BIOCHEMISTRY 40 5283-5289 (2001) PMID: 11318652;369.40820802093634;-1.2561041057891202;H;E;109,;A
27;11141;Myoglobin;Sperm whale;['E', '109', 'G'];-0.96;Fluorescence;Urea;BIOCHEMISTRY 40 5283-5289 (2001) PMID: 11318652;370.6784003269426;-2.5262964117953857;H;E;109,;G
29;11143;Myoglobin;Sperm whale;['K', '140', 'A'];0,041666667;Fluorescence;Urea;BIOCHEMISTRY 40 5283-5289 (2001) PMID: 11318652;368.12022272072085;0.031881194426375714;H;K;140,;A
31;13330;Myoglobin;Sperm whale;['P', '88', 'A'];0,041666667;CD;Thermal;PROTEIN SCI 2, 1099-1105 (1993) PMID: 8358293;368.07822518867744;0.07387872646978622;T;P;88,;A
32;13333;Myoglobin;Sperm whale;['T', '67', 'A'];-0.30;CD;Thermal;PROTEIN SCI 2, 1099-1105 (1993) PMID: 8358293;367.22411542027425;0.9279884948729773;H;T;67,;A
33;13334;Myoglobin;Sperm whale;['S', '117', 'A'];-0.30;CD;Thermal;PROTEIN SCI 2, 1099-1105 (1993) PMID: 8358293;368.08237277231615;0.06973114283107407;H;S;117,;A
