;Entry;Protein;Source;Mutation;ddG;Measure;Mesthod;REFERENCE;log(p);d_log(p);dssp;WT_AA;Position;Mut_AA
0;6554;Cytochrome b4;Bovine;['WILD'];0;Abs;Thermal;BIOCHEMISTRY 38, 11961-11972 (1999) PMID: 10508398;214.59396647487446;0.0;None;Non;Non;WILD
5;6560;Cytochrome b5;Bovine;['V', '61', 'E'];-1.05;Abs;Urea;BIOCHEMISTRY 38, 11961-11972 (1999) PMID: 10508399;213.24022911874212;1.353737356132342;H;V;61,;E
6;6561;Cytochrome b5;Bovine;['V', '61', 'Y'];-1.34;Abs;Urea;BIOCHEMISTRY 38, 11961-11972 (1999) PMID: 10508399;215.25579107298915;-0.6618245981146913;H;V;61,;Y
7;6562;Cytochrome b5;Bovine;['V', '61', 'H'];-1.60;Abs;Urea;BIOCHEMISTRY 38, 11961-11972 (1999) PMID: 10508399;214.13380864436368;0.46015783051078074;H;V;61,;H
8;6563;Cytochrome b5;Bovine;['V', '61', 'K'];-2.39;Abs;Urea;BIOCHEMISTRY 38, 11961-11972 (1999) PMID: 10508399;212.88359434537549;1.7103721294989782;H;V;61,;K
15;9190;Cytochrome b;Bovine;['V', '45', 'T'];-0.96;Abs;Urea;BIOPHYS CHEM 83, 3-17 (2000) PMID: 10631476;213.2439748339805;1.3499916408939612;H;V;45,;T
16;9191;Cytochrome b;Bovine;['V', '45', 'H'];-1.65;Abs;Urea;BIOPHYS CHEM 83, 3-17 (2000) PMID: 10631476;215.26283535761252;-0.6688688827380531;T;V;45,;H
17;9192;Cytochrome b;Bovine;['V', '45', 'G'];-1.91;Abs;Urea;BIOPHYS CHEM 83, 3-17 (2000) PMID: 10631476;213.58215365253423;1.0118128223402323;T;V;45,;G
22;14491;Cytochrome b5;Bovine;['V', '45', 'Y'];-1.53;Abs;Thermal;BIOPHYS CHEM 83, 3-17 (2000) PMID: 10631476;216.90271261591383;-2.3087461410393644;T;V;45,;Y
24;14493;Cytochrome b5;Bovine;['V', '45', 'E'];-2.68;Abs;Thermal;BIOPHYS CHEM 83, 3-17 (2000) PMID: 10631476;212.78112384290498;1.8128426319694881;T;V;45,;E
