;Entry;Protein;Source;Mutation;ddG;Measure;Mesthod;REFERENCE;log(p);d_log(p);dssp;WT_AA;Position;Mut_AA
0;17927;Apoflavodoxin;Anabaena;['WILD'];0;Fluorescence;Urea;J MOL BIOL 344, 223-237 (2004) PMID: 15504412;379.4342107870155;0.0;None;Non;Non;WILD
16;17954;Apoflavodoxin;Anabaena;['E', '40', 'K'];-0.06;CD;Thermal;J MOL BIOL 344, 223-237 (2004) PMID: 15504413;378.32638998211274;1.107820804902758;-;E;40,;K
17;17955;Apoflavodoxin;Anabaena;['E', '61', 'K'];-0.46;CD;Thermal;J MOL BIOL 344, 223-237 (2004) PMID: 15504413;379.00205386496606;0.4321569220494439;S;E;61,;K
18;17958;Apoflavodoxin;Anabaena;['D', '75', 'K'];-0.01;CD;Thermal;J MOL BIOL 344, 223-237 (2004) PMID: 15504413;378.7524467715497;0.6817640154657738;G;D;75,;K
19;17959;Apoflavodoxin;Anabaena;['D', '126', 'K'];-0.58;CD;Thermal;J MOL BIOL 344, 223-237 (2004) PMID: 15504413;378.3358399970096;1.0983707900059017;-;D;126,;K
20;17960;Apoflavodoxin;Anabaena;['D', '150', 'K'];00.01;CD;Thermal;J MOL BIOL 344, 223-237 (2004) PMID: 15504413;379.47958760821876;-0.04537682120326281;T;D;150,;K
54;18072;Apoflavodoxin;Anabaena;['S', '71', 'A'];-0.11;CD;Thermal;J MOL BIOL 344, 239-255 (2004) PMID: 15504414;379.5445305315997;-0.110319744584217;T;S;71,;A
62;19988;Apoflavodoxin;Anabaena;['G', '68', 'A'];00.38;Fluorescence, CD;Thermal;J MOL BIOL 356, 354-366 (2006) PMID: 16364364;377.9841006229804;1.4501101640350953;H;G;68,;A
64;19994;Apoflavodoxin;Anabaena;['E', '107', 'A'];00.15;Fluorescence, CD;Thermal;J MOL BIOL 356, 354-366 (2006) PMID: 16364364;379.2822086732513;0.15200211376418338;H;E;107,;A
65;19995;Apoflavodoxin;Anabaena;['Q', '111', 'G'];00.22;Fluorescence, CD;Thermal;J MOL BIOL 356, 354-366 (2006) PMID: 16364364;379.67118807847004;-0.2369772914545365;H;Q;111,;G
